{
  "windows-x86": [
    {
      "module": "javafx.base",
      "groupId": "org.openjfx",
      "artifactId": "javafx-base",
      "version": "17.0.2",
      "classifier": "win-x86",
      "sha1": "2da20df5588acc44a5f503b76137684ab41b4e0e"
    },
    {
      "module": "javafx.graphics",
      "groupId": "org.openjfx",
      "artifactId": "javafx-graphics",
      "version": "17.0.2",
      "classifier": "win-x86",
      "sha1": "c8df0e861008b753bf2989eed5ba4a81264b2dd7"
    },
    {
      "module": "javafx.controls",
      "groupId": "org.openjfx",
      "artifactId": "javafx-controls",
      "version": "17.0.2",
      "classifier": "win-x86",
      "sha1": "6bf90b609471c9f77aa5db62180e206c9250b096"
    },
    {
      "module": "javafx.fxml",
      "groupId": "org.openjfx",
      "artifactId": "javafx-fxml",
      "version": "17.0.2",
      "classifier": "win-x86",
      "sha1": "1aa69ce2b33041a61e14f29bf22f6b4d60a667f6"
    },
    {
      "module": "javafx.media",
      "groupId": "org.openjfx",
      "artifactId": "javafx-media",
      "version": "17.0.2",
      "classifier": "win-x86",
      "sha1": "de491b28cbe9dbac60516fff40f2f2c09e093a2e"
    },
    {
      "module": "javafx.web",
      "groupId": "org.openjfx",
      "artifactId": "javafx-web",
      "version": "17.0.2",
      "classifier": "win-x86",
      "sha1": "25d4673241991a0e23532171176dc737997ab928"
    }
  ],
  "windows-x86_64": [
    {
      "module": "javafx.base",
      "groupId": "org.openjfx",
      "artifactId": "javafx-base",
      "version": "17.0.2",
      "classifier": "win",
      "sha1": "1bd6dc88b180a6239a5067320c2f0d7f3526e1d2"
    },
    {
      "module": "javafx.graphics",
      "groupId": "org.openjfx",
      "artifactId": "javafx-graphics",
      "version": "17.0.2",
      "classifier": "win",
      "sha1": "6f95886c8fed3e1b21370a199c3937846ef6b3cc"
    },
    {
      "module": "javafx.controls",
      "groupId": "org.openjfx",
      "artifactId": "javafx-controls",
      "version": "17.0.2",
      "classifier": "win",
      "sha1": "707f290bacde2738c0a7e1d0b4a8193002c29cf7"
    },
    {
      "module": "javafx.fxml",
      "groupId": "org.openjfx",
      "artifactId": "javafx-fxml",
      "version": "17.0.2",
      "classifier": "win",
      "sha1": "5079f88d5345e988222c90a345ad682b7aaccad3"
    },
    {
      "module": "javafx.media",
      "groupId": "org.openjfx",
      "artifactId": "javafx-media",
      "version": "17.0.2",
      "classifier": "win",
      "sha1": "5c6c84557bcd0016b5784d2b0cd8ae769e63d4ed"
    },
    {
      "module": "javafx.web",
      "groupId": "org.openjfx",
      "artifactId": "javafx-web",
      "version": "17.0.2",
      "classifier": "win",
      "sha1": "9e60c27f0bdc39837bb128b223128fc385e443ee"
    }
  ],
  "osx-x86_64": [
    {
      "module": "javafx.base",
      "groupId": "org.openjfx",
      "artifactId": "javafx-base",
      "version": "17.0.2",
      "classifier": "mac",
      "sha1": "b0f45ac4f08692d900dea7944663b5480d38b2cd"
    },
    {
      "module": "javafx.graphics",
      "groupId": "org.openjfx",
      "artifactId": "javafx-graphics",
      "version": "17.0.2",
      "classifier": "mac",
      "sha1": "d9083118587a9d6df8a530bdc7986bb6baa57a64"
    },
    {
      "module": "javafx.controls",
      "groupId": "org.openjfx",
      "artifactId": "javafx-controls",
      "version": "17.0.2",
      "classifier": "mac",
      "sha1": "398f6e8c33d1edade15d7a5fddd32ed522130859"
    },
    {
      "module": "javafx.fxml",
      "groupId": "org.openjfx",
      "artifactId": "javafx-fxml",
      "version": "17.0.2",
      "classifier": "mac",
      "sha1": "09c41e4ab330cfae0c3b3dad0967df939f5ef898"
    },
    {
      "module": "javafx.media",
      "groupId": "org.openjfx",
      "artifactId": "javafx-media",
      "version": "17.0.2",
      "classifier": "mac",
      "sha1": "262deafe877eb703ef7391b16f71296f6743fcfd"
    },
    {
      "module": "javafx.web",
      "groupId": "org.openjfx",
      "artifactId": "javafx-web",
      "version": "17.0.2",
      "classifier": "mac",
      "sha1": "8cb92500d1016652c06413f8979194ed9119ae36"
    }
  ],
  "osx-arm64": [
    {
      "module": "javafx.base",
      "groupId": "org.openjfx",
      "artifactId": "javafx-base",
      "version": "17.0.2",
      "classifier": "mac-aarch64",
      "sha1": "50a02c2f7c147e22cd7b2f97975fbf1e1b3e7919"
    },
    {
      "module": "javafx.graphics",
      "groupId": "org.openjfx",
      "artifactId": "javafx-graphics",
      "version": "17.0.2",
      "classifier": "mac-aarch64",
      "sha1": "3ba1fc0286dfebc39fc62a3739bfa1afefd6b2ff"
    },
    {
      "module": "javafx.controls",
      "groupId": "org.openjfx",
      "artifactId": "javafx-controls",
      "version": "17.0.2",
      "classifier": "mac-aarch64",
      "sha1": "a5139ddb1551d14a0dab3dfe709b6653009e6bdb"
    },
    {
      "module": "javafx.fxml",
      "groupId": "org.openjfx",
      "artifactId": "javafx-fxml",
      "version": "17.0.2",
      "classifier": "mac-aarch64",
      "sha1": "d71c7ebe0f557824e302b6c287929b30801e2c0e"
    },
    {
      "module": "javafx.media",
      "groupId": "org.openjfx",
      "artifactId": "javafx-media",
      "version": "17.0.2",
      "classifier": "mac-aarch64",
      "sha1": "f2478d2b5ad3f7cfd64a2507b4dcad5add145940"
    },
    {
      "module": "javafx.web",
      "groupId": "org.openjfx",
      "artifactId": "javafx-web",
      "version": "17.0.2",
      "classifier": "mac-aarch64",
      "sha1": "042a5d830446afe2065ea8ba734c60c96fd6fc3c"
    }
  ],
  "linux-x86_64": [
    {
      "module": "javafx.base",
      "groupId": "org.openjfx",
      "artifactId": "javafx-base",
      "version": "17.0.2",
      "classifier": "linux",
      "sha1": "710e894e37e7027340e9697d29a11e024d3bd7ae"
    },
    {
      "module": "javafx.graphics",
      "groupId": "org.openjfx",
      "artifactId": "javafx-graphics",
      "version": "17.0.2",
      "classifier": "linux",
      "sha1": "ac7e322130657d7ac694d1aa32799d32c02a12c9"
    },
    {
      "module": "javafx.controls",
      "groupId": "org.openjfx",
      "artifactId": "javafx-controls",
      "version": "17.0.2",
      "classifier": "linux",
      "sha1": "c39c919f987496f86f04babacf2dd27d2bdb263e"
    },
    {
      "module": "javafx.fxml",
      "groupId": "org.openjfx",
      "artifactId": "javafx-fxml",
      "version": "17.0.2",
      "classifier": "linux",
      "sha1": "1c65c10f9656d7d6c1424d4711cc56a9ee99220d"
    },
    {
      "module": "javafx.media",
      "groupId": "org.openjfx",
      "artifactId": "javafx-media",
      "version": "17.0.2",
      "classifier": "linux",
      "sha1": "652e1477f75619b69f6f09ee536dd9bd27e057b3"
    },
    {
      "module": "javafx.web",
      "groupId": "org.openjfx",
      "artifactId": "javafx-web",
      "version": "17.0.2",
      "classifier": "linux",
      "sha1": "41d43ee74d429e1025fabd728f5f9bd9c83a4495"
    }
  ],
  "linux-arm32": [
    {
      "module": "javafx.base",
      "groupId": "org.openjfx",
      "artifactId": "javafx-base",
      "version": "17.0.2",
      "classifier": "linux-arm32-monocle",
      "sha1": "b29ae95e20f6fc70a9966ff4d5a4b4c8555e071f"
    },
    {
      "module": "javafx.graphics",
      "groupId": "org.openjfx",
      "artifactId": "javafx-graphics",
      "version": "17.0.2",
      "classifier": "linux-arm32-monocle",
      "sha1": "a35a9a99ecc9b9bef1a6b57508a0517495519426"
    },
    {
      "module": "javafx.controls",
      "groupId": "org.openjfx",
      "artifactId": "javafx-controls",
      "version": "17.0.2",
      "classifier": "linux-arm32-monocle",
      "sha1": "09d7906714d9139eb213d6e5e5cfea662e763659"
    },
    {
      "module": "javafx.fxml",
      "groupId": "org.openjfx",
      "artifactId": "javafx-fxml",
      "version": "17.0.2",
      "classifier": "linux-arm32-monocle",
      "sha1": "0b43d9bc18d71f0678ca0dbac4f44a971f943041"
    }
  ],
  "linux-arm64": [
    {
      "module": "javafx.base",
      "groupId": "org.openjfx",
      "artifactId": "javafx-base",
      "version": "17.0.2",
      "classifier": "linux-aarch64",
      "sha1": "9f8d8019834c2a7bca00a25278f12a770d42dfc2"
    },
    {
      "module": "javafx.graphics",
      "groupId": "org.openjfx",
      "artifactId": "javafx-graphics",
      "version": "17.0.2",
      "classifier": "linux-aarch64",
      "sha1": "1d7b6d3033df6cd4b7b3808729647ff341533b44"
    },
    {
      "module": "javafx.controls",
      "groupId": "org.openjfx",
      "artifactId": "javafx-controls",
      "version": "17.0.2",
      "classifier": "linux-aarch64",
      "sha1": "14881316f9029e3b13307e20f446f289cc11a66e"
    },
    {
      "module": "javafx.fxml",
      "groupId": "org.openjfx",
      "artifactId": "javafx-fxml",
      "version": "17.0.2",
      "classifier": "linux-aarch64",
      "sha1": "57e455836c42e79a5eb4e0d7e3f6f23e655eafef"
    },
    {
      "module": "javafx.media",
      "groupId": "org.openjfx",
      "artifactId": "javafx-media",
      "version": "17.0.2",
      "classifier": "linux-aarch64",
      "sha1": "aa7f7dfb2fe2593df9e047241811f8e02327f631"
    },
    {
      "module": "javafx.web",
      "groupId": "org.openjfx",
      "artifactId": "javafx-web",
      "version": "17.0.2",
      "classifier": "linux-aarch64",
      "sha1": "f3bbf9922d3c9ea1fe0ed1dbf88e5d2b0abb5738"
    }
  ]
}